fold,best_val_rmse
1,1187.3330465634056
2,1188.3121562826962
3,1179.4283275416494
4,1125.6844037842386
5,1180.3859008815718
